[
    {
      "name": "Home",
      "link": "/home"
    },
    {
      "name": "MAN",
      "subcategories": [
        {
          "name": "T-Shirt",
          "subcategories": [
            {
              "name": "Long Sleeve",
              "link": "/man/t-shirt/long-sleeve"
            },
            {
              "name": "V-Neck",
              "link": "/man/t-shirt/v-neck"
            },
            {
              "name": "Relaxed Fit",
              "link": "/man/t-shirt/relaxed-fit"
            },
            {
              "name": "Athletic Fit",
              "link": "/man/t-shirt/athletic-fit"
            },
            {
              "name": "Special Interest T-Shirt",
              "link": "/man/t-shirt/special-interest"
            }
          ]
        },
        {
          "name": "Shirt",
          "subcategories": [
            {
              "name": "Formal",
              "link": "/man/shirt/formal"
            },
            {
              "name": "Casual",
              "link": "/man/shirt/casual"
            },
            {
              "name": "Half Sleeve",
              "link": "/man/shirt/half-sleeve"
            },
            {
              "name": "Full Sleeve",
              "link": "/man/shirt/full-sleeve"
            },
            {
              "name": "Printed",
              "link": "/man/shirt/printed"
            },
            {
              "name": "Solid",
              "link": "/man/shirt/solid"
            },
            {
              "name": "Club",
              "link": "/man/shirt/club"
            }
          ]
        },
        {
          "name": "Polo",
          "subcategories": [
            {
              "name": "Men's Polo",
              "link": "/man/polo/mens"
            },
            {
              "name": "Women's Polo",
              "link": "/man/polo/womens"
            },
            {
              "name": "Classic Fit",
              "link": "/man/polo/classic-fit"
            },
            {
              "name": "Long Sleeve",
              "link": "/man/polo/long-sleeve"
            },
            {
              "name": "Pocket Polos",
              "link": "/man/polo/pocket-polos"
            }
          ]
        },
        {
          "name": "Bottom",
          "subcategories": [
            {
              "name": "Jeans",
              "link": "/man/bottom/jeans"
            },
            {
              "name": "Chinos",
              "link": "/man/bottom/chinos"
            },
            {
              "name": "Formal",
              "link": "/man/bottom/formal"
            },
            {
              "name": "Joggers",
              "link": "/man/bottom/joggers"
            },
            {
              "name": "Cargo",
              "link": "/man/bottom/cargo"
            },
            {
              "name": "Shorts",
              "link": "/man/bottom/shorts"
            },
            {
              "name": "Pajama",
              "link": "/man/bottom/pajama"
            },
            {
              "name": "Gurkha Pants",
              "link": "/man/bottom/gurkha-pants"
            }
          ]
        },
        {
          "name": "Outwear",
          "subcategories": [
            {
              "name": "Blazer",
              "link": "/man/outwear/blazer"
            },
            {
              "name": "Jacket",
              "link": "/man/outwear/jacket"
            },
            {
              "name": "Sweater",
              "link": "/man/outwear/sweater"
            },
            {
              "name": "Sweatshirt",
              "link": "/man/outwear/sweatshirt"
            },
            {
              "name": "Hoodie",
              "link": "/man/outwear/hoodie"
            }
          ]
        },
        {
          "name": "Winter",
          "subcategories": [
            {
              "name": "Blazer",
              "link": "/man/winter/blazer"
            },
            {
              "name": "Jacket",
              "link": "/man/winter/jacket"
            },
            {
              "name": "Sweater",
              "link": "/man/winter/sweater"
            },
            {
              "name": "Sweatshirt",
              "link": "/man/winter/sweatshirt"
            },
            {
              "name": "Hoodie",
              "link": "/man/winter/hoodie"
            }
          ]
        }
      ]
    },
    {
      "name": "WOMAN",
      "subcategories": [
        {
          "name": "T-Shirt",
          "link": "/woman/t-shirt"
        }
      ]
    }
  ]
  