[
  {
    "_id": "1",
    "category": "fashion",
    "type": "top",
    "name": "mesh shirt KLASCJSKL;J",
    "gender": "women",
    "new": true,
    "sale": false,
    "rate": 4,
    "price": 45,
    "originPrice": 55,
    "brand": "gucci",
    "sizeGuide": "none",
    "sold": 12,
    "quantity": 100,
    "quantityPurchase": 1,
    "sizes": [
      "S",
      "M",
      "L",
      "XL"
    ],
    "tag": [
      "New Shirt",
      "Polo Shirt"
    ],
    "variation": [
      {
        "color": "red",
        "colorCode": "#DB4444",
        "colorImage": "/images/product/color/48x48.png",
        "image": "/images/product/1000x1000.png"
      },
      {
        "color": "yellow",
        "colorCode": "#ECB018",
        "colorImage": "/images/product/color/c1.png",
        "image": "/images/product/1000x1000.png"
      }
    ],
    "thumbImage": [
      "/images/product/1000x1000.png",
      "/images/product/img1.png"
    ],
    "images": [
      "/images/product/1000x1000.png",
      "/images/product/img1.png",
      "/images/product/img2.png",
      "/images/product/img3.png"
    ],
    "description": "Keep your home organized, yet elegant with storage cabinets by Onita Patio Furniture. Traditionally designed, they are perfect to be used in the any place where you need to store.",
    "action": "quick shop",
    "slug": "mesh-shirt",
    "sku": "54542340000"
  },
  {
    "_id": "2",
    "category": "fashion",
    "type": "t-shirt",
    "name": "Raglan Sleeve T-shirt",
    "gender": "women",
    "new": true,
    "sale": false,
    "rate": 5,
    "price": 28,
    "originPrice": 36,
    "brand": "hermes",
    "sizeGuide": "none",
    "sold": 23,
    "quantity": 200,
    "quantityPurchase": 1,
    "sizes": [
      "XS",
      "S",
      "M",
      "L",
      "XL",
      "2XL"
    ],
    "tag": [
      "New Shirt",
      "Polo Shirt"
    ],
    "variation": [
      {
        "color": "white",
        "colorCode": "#F6EFDD",
        "colorImage": "/images/product/color/48x48.png",
        "image": "/images/product/img1.png"
      },
      {
        "color": "purple",
        "colorCode": "#8684D4",
        "colorImage": "/images/product/color/c1.png",
        "image": "/images/product/img2.png"
      }
    ],
    "thumbImage": [
      "/images/product/img1.png",
      "/images/product/1000x1000.png"
    ],
    "images": [
      "/images/product/img1.png",
      "/images/product/1000x1000.png",
      "/images/product/img2.png",
      "/images/product/img3.png"
    ],
    "description": "Keep your home organized, yet elegant with storage cabinets by Onita Patio Furniture. Traditionally designed, they are perfect to be used in the any place where you need to store.",
    "action": "quick shop",
    "slug": "shirt",
    "sku": "542313453423"
  },
  {
    "_id": "3",
    "category": "fashion",
    "type": "dress",
    "name": "Off-the-Shoulder hans",
    "gender": "women",
    "new": false,
    "sale": true,
    "rate": 4,
    "price": 32,
    "originPrice": 40,
    "brand": "zara",
    "sizeGuide": "none",
    "sold": 15,
    "quantity": 80,
    "quantityPurchase": 1,
    "sizes": [
      "freesize"
    ],
    "tag": [
      "New Shirt",
      "Polo Shirt"
    ],
    "variation": [
      {
        "color": "pink",
        "colorCode": "#F4407D",
        "colorImage": "/images/product/color/48x48.png",
        "image": "/images/product/1000x1000.png"
      },
      {
        "color": "yellow",
        "colorCode": "#ECB018",
        "colorImage": "/images/product/color/48x48.png",
        "image": "/images/product/img3.png"
      },
      {
        "color": "purple",
        "colorCode": "#8684D4",
        "colorImage": "/images/product/color/c1.png",
        "image": "/images/product/1000x1000.png"
      }
    ],
    "thumbImage": [
      "/images/product/img2.png",
      "/images/product/img3.png"
    ],
    "images": [
      "/images/product/img2.png",
      "/images/product/1000x1000.png",
      "/images/product/img1.png",
      "/images/product/img3.png"
    ],
    "description": "Keep your home organized, yet elegant with storage cabinets by Onita Patio Furniture. Traditionally designed, they are perfect to be used in the any place where you need to store.",
    "action": "add to cart",
    "slug": "hans",
    "sku": "564231121"
  },
  {
    "_id": "4",
    "category": "fashion",
    "type": "t-shirt",
    "name": "Kimono sleeve top",
    "gender": "women",
    "new": false,
    "sale": true,
    "rate": 5,
    "price": 24,
    "originPrice": 32,
    "brand": "adidas",
    "sizeGuide": "none",
    "sold": 14,
    "quantity": 100,
    "quantityPurchase": 1,
    "sizes": [
      "M",
      "L",
      "XL"
    ],
    "tag": [
      "New Shirt",
      "Polo Shirt"
    ],
    "variation": [
      {
        "color": "red",
        "colorCode": "#DB4444",
        "colorImage": "/images/product/color/48x48.png",
        "image": "/images/product/1000x1000.png"
      },
      {
        "color": "white",
        "colorCode": "#F6EFDD",
        "colorImage": "/images/product/color/48x48.png",
        "image": "/images/product/img1.png"
      },
      {
        "color": "purple",
        "colorCode": "#8684D4",
        "colorImage": "/images/product/color/c1.png",
        "image": "/images/product/img3.png"
      }
    ],
    "thumbImage": [
      "/images/product/img3.png",
      "/images/product/img1.png"
    ],
    "images": [
      "/images/product/img3.png",
      "/images/product/1000x1000.png",
      "/images/product/img1.png",
      "/images/product/img2.png"
    ],
    "description": "Keep your home organized, yet elegant with storage cabinets by Onita Patio Furniture. Traditionally designed, they are perfect to be used in the any place where you need to store.",
    "action": "add to cart",
    "slug": "kimono",
    "sku": "45321234"
  }
]